,contig,position,ref_allele,alt_allele,aa_change,pass_gamb_colu_arab,pass_gamb_colu,pass_arab,frq_Pala_gam_2014,frq_Sour_gam_2014,frq_Sour_col_2014,frq_Bana_gam_2014,frq_Pala_ara_2014,frq_Bana_col_2014,frq_Pala_ara_2015,frq_Pala_gam_2015,frq_Sour_col_2015,frq_Bana_col_2015,frq_Sour_gam_2015,frq_Bana_col_2016,frq_Bana_gam_2016,frq_Pala_gam_2016,frq_Pala_ara_2016,frq_Sour_col_2016,frq_Sour_gam_2016,frq_Bana_col_2017,frq_Pala_gam_2017,frq_Sour_col_2017,frq_Pala_gam_2012,frq_Bana_col_2012,frq_Bana_gam_2012,frq_Sour_col_2012,frq_Sour_gam_2012,frq_Pala_col_2012,max_af,transcript,effect,impact,ref_codon,alt_codon,aa_pos,ref_aa,alt_aa,label
3144,2R,48714439,C,T,,True,True,True,0.0,0.0,0.0,0.0,0.0,0.0,0.0,0.006578947368421052,0.0,0.0,0.0,0.0,0.0,0.0,0.0,0.0,0.0,0.0,0.0,0.0,0.0,0.0,0.0,0.0,0.0,0.0,0.006578947368421052,AGAP004050-RA,INTRONIC,MODIFIER,,,,,,"2R:48,714,439 C>T"
3145,2R,48714445,C,A,,True,True,True,0.02247191011235955,0.02040816326530612,0.0,0.015625,0.0,0.0,0.0,0.013157894736842105,0.0,0.0,0.025,0.0,0.0,0.02830188679245283,0.0,0.0,0.013157894736842105,0.0,0.027777777777777776,0.0,0.0,0.0,0.0,0.0,0.03571428571428571,0.0,0.03571428571428571,AGAP004050-RA,INTRONIC,MODIFIER,,,,,,"2R:48,714,445 C>A"
3146,2R,48714445,C,T,,True,True,True,0.011235955056179775,0.02040816326530612,0.0,0.015625,0.0,0.0,0.0,0.006578947368421052,0.0,0.0,0.0,0.0,0.0,0.009433962264150943,0.0,0.0,0.013157894736842105,0.0,0.0,0.0,0.010416666666666666,0.0,0.022727272727272728,0.0,0.0,0.0,0.022727272727272728,AGAP004050-RA,INTRONIC,MODIFIER,,,,,,"2R:48,714,445 C>T"
3147,2R,48714448,A,T,,True,True,True,0.0,0.0,0.01,0.0,0.0,0.0,0.0,0.0,0.0,0.0,0.0,0.0,0.0,0.0,0.0,0.0,0.0,0.0,0.0,0.0,0.0,0.0,0.0,0.0,0.0,0.0,0.01,AGAP004050-RA,INTRONIC,MODIFIER,,,,,,"2R:48,714,448 A>T"
3148,2R,48714449,C,A,,True,True,True,0.0,0.0,0.01,0.0,0.0,0.0,0.0,0.0,0.0,0.0,0.0,0.0,0.0,0.0,0.0,0.0,0.0,0.0,0.0,0.0,0.0,0.0,0.0,0.0,0.0,0.0,0.01,AGAP004050-RA,INTRONIC,MODIFIER,,,,,,"2R:48,714,449 C>A"
3149,2R,48714451,C,T,,True,True,True,0.0,0.0,0.0,0.0,0.0,0.0,0.0,0.0,0.0,0.0,0.0,0.005434782608695652,0.0,0.0,0.0,0.0,0.0,0.0,0.0,0.0,0.0,0.0,0.0,0.0,0.0,0.0,0.005434782608695652,AGAP004050-RA,INTRONIC,MODIFIER,,,,,,"2R:48,714,451 C>T"
3150,2R,48714453,G,A,,True,True,True,0.05056179775280899,0.061224489795918366,0.0,0.078125,0.0,0.0,0.0,0.05921052631578947,0.0,0.0,0.025,0.0,0.038461538461538464,0.018867924528301886,0.0,0.0,0.039473684210526314,0.0,0.06944444444444445,0.0,0.052083333333333336,0.0,0.11363636363636363,0.0,0.017857142857142856,0.0,0.11363636363636363,AGAP004050-RA,INTRONIC,MODIFIER,,,,,,"2R:48,714,453 G>A"
3151,2R,48714462,A,T,,True,True,True,0.0,0.0,0.01,0.0,0.0,0.0,0.0,0.0,0.0,0.0,0.0,0.005434782608695652,0.0,0.0,0.0,0.0,0.0,0.0,0.0,0.0,0.0,0.0,0.0,0.0,0.0,0.0,0.01,AGAP004050-RA,INTRONIC,MODIFIER,,,,,,"2R:48,714,462 A>T"
3152,2R,48714468,G,C,,True,True,True,0.0056179775280898875,0.0,0.0,0.0,0.0,0.0,0.0,0.0,0.0,0.0,0.0,0.0,0.0,0.0,0.0,0.0,0.013157894736842105,0.0,0.0,0.0,0.020833333333333332,0.0,0.0,0.0,0.0,0.0,0.020833333333333332,AGAP004050-RA,INTRONIC,MODIFIER,,,,,,"2R:48,714,468 G>C"
3153,2R,48714472,A,T,,True,True,True,0.0,0.0,0.0,0.0,0.0,0.010638297872340425,0.0,0.0,0.0,0.0,0.0,0.0,0.0,0.0,0.0,0.0,0.0,0.0,0.0,0.017241379310344827,0.0,0.0,0.0,0.0,0.0,0.0,0.017241379310344827,AGAP004050-RA,INTRONIC,MODIFIER,,,,,,"2R:48,714,472 A>T"
3154,2R,48714473,G,A,,True,True,True,0.0,0.0,0.0,0.0,0.0,0.0,0.005681818181818182,0.0,0.0,0.0,0.0,0.0,0.0,0.0,0.0,0.0,0.0,0.0,0.0,0.0,0.0,0.0,0.0,0.0,0.0,0.0,0.005681818181818182,AGAP004050-RA,INTRONIC,MODIFIER,,,,,,"2R:48,714,473 G>A"
3155,2R,48714473,G,C,,True,True,True,0.0,0.0,0.0,0.0,0.0,0.0,0.0,0.006578947368421052,0.0,0.0,0.0,0.0,0.0,0.0,0.0,0.0,0.0,0.0,0.013888888888888888,0.0,0.0,0.0,0.0,0.0,0.0,0.0,0.013888888888888888,AGAP004050-RA,INTRONIC,MODIFIER,,,,,,"2R:48,714,473 G>C"
3156,2R,48714473,G,T,,True,True,True,0.0,0.02040816326530612,0.0,0.0,0.0,0.0,0.005681818181818182,0.0,0.0,0.0,0.0,0.0,0.038461538461538464,0.009433962264150943,0.0,0.0,0.013157894736842105,0.0,0.0,0.0,0.03125,0.0,0.0,0.0,0.0,0.0,0.038461538461538464,AGAP004050-RA,INTRONIC,MODIFIER,,,,,,"2R:48,714,473 G>T"
3157,2R,48714479,T,C,,True,True,True,0.0,0.0,0.0,0.0,0.0,0.0,0.0,0.0,0.0,0.0,0.0,0.0,0.0,0.0,0.0,0.0,0.0,0.0,0.0,0.017241379310344827,0.0,0.0,0.0,0.0,0.0,0.0,0.017241379310344827,AGAP004050-RA,INTRONIC,MODIFIER,,,,,,"2R:48,714,479 T>C"
3158,2R,48714483,A,T,,True,True,True,0.0,0.0,0.0,0.0,0.0,0.0,0.0,0.0,0.0,0.0,0.0,0.0,0.0,0.0,0.0,0.0,0.013157894736842105,0.0,0.0,0.0,0.0,0.0,0.0,0.0,0.0,0.0,0.013157894736842105,AGAP004050-RA,INTRONIC,MODIFIER,,,,,,"2R:48,714,483 A>T"
3159,2R,48714486,C,A,,True,True,True,0.016853932584269662,0.01020408163265306,0.48,0.0,0.0,0.39361702127659576,0.0,0.0,0.43103448275862066,0.42592592592592593,0.025,0.45108695652173914,0.0,0.009433962264150943,0.0,0.40625,0.013157894736842105,0.42,0.013888888888888888,0.5,0.0,0.39285714285714285,0.0,0.46551724137931033,0.0,0.5,0.5,AGAP004050-RA,INTRONIC,MODIFIER,,,,,,"2R:48,714,486 C>A"
3160,2R,48714486,C,G,,True,True,True,0.0,0.0,0.0,0.0,0.0,0.0,0.005681818181818182,0.0,0.0,0.0,0.0,0.0,0.0,0.0,0.0,0.0,0.0,0.0,0.0,0.0,0.0,0.0,0.0,0.0,0.0,0.0,0.005681818181818182,AGAP004050-RA,INTRONIC,MODIFIER,,,,,,"2R:48,714,486 C>G"
3161,2R,48714494,C,A,,True,True,True,0.0,0.0,0.0,0.0,0.0,0.0,0.0,0.0,0.0,0.0,0.0,0.0,0.0,0.0,0.0,0.0,0.0,0.0,0.0,0.0,0.0,0.0,0.022727272727272728,0.0,0.0,0.0,0.022727272727272728,AGAP004050-RA,INTRONIC,MODIFIER,,,,,,"2R:48,714,494 C>A"
3162,2R,48714494,C,G,,True,True,True,0.0,0.0,0.01,0.0,0.0,0.010638297872340425,0.0,0.0,0.017241379310344827,0.009259259259259259,0.0,0.021739130434782608,0.0,0.0,0.0,0.010416666666666666,0.0,0.0,0.0,0.017241379310344827,0.0,0.0,0.0,0.017241379310344827,0.0,0.0,0.021739130434782608,AGAP004050-RA,INTRONIC,MODIFIER,,,,,,"2R:48,714,494 C>G"
3163,2R,48714498,C,A,,True,True,True,0.0,0.0,0.0,0.0,0.0,0.010638297872340425,0.0,0.0,0.0,0.0,0.0,0.005434782608695652,0.0,0.0,0.0,0.0,0.0,0.0,0.0,0.0,0.0,0.0,0.0,0.0,0.0,0.0,0.010638297872340425,AGAP004050-RA,INTRONIC,MODIFIER,,,,,,"2R:48,714,498 C>A"
3164,2R,48714499,A,C,,True,True,True,0.0,0.0,0.0,0.0,0.0,0.010638297872340425,0.0,0.0,0.0,0.0,0.0,0.005434782608695652,0.0,0.0,0.0,0.0,0.0,0.0,0.0,0.0,0.0,0.0,0.0,0.0,0.0,0.0,0.010638297872340425,AGAP004050-RA,INTRONIC,MODIFIER,,,,,,"2R:48,714,499 A>C"
3165,2R,48714499,A,T,,True,True,True,0.0,0.0,0.0,0.0,0.0,0.0,0.0,0.0,0.0,0.0,0.0,0.0,0.0,0.0,0.0,0.0,0.0,0.01,0.0,0.0,0.0,0.011904761904761904,0.0,0.0,0.0,0.0,0.011904761904761904,AGAP004050-RA,INTRONIC,MODIFIER,,,,,,"2R:48,714,499 A>T"
3166,2R,48714500,C,T,,True,True,True,0.0,0.0,0.0,0.0,0.0,0.0,0.0,0.006578947368421052,0.0,0.0,0.0,0.0,0.0,0.0,0.0,0.0,0.0,0.0,0.0,0.0,0.0,0.0,0.0,0.0,0.0,0.0,0.006578947368421052,AGAP004050-RA,INTRONIC,MODIFIER,,,,,,"2R:48,714,500 C>T"
3167,2R,48714502,C,T,,True,True,True,0.0,0.0,0.0,0.0,0.0,0.0,0.005681818181818182,0.0,0.0,0.0,0.0,0.0,0.0,0.0,0.0,0.0,0.0,0.0,0.0,0.0,0.0,0.0,0.0,0.0,0.0,0.0,0.005681818181818182,AGAP004050-RA,INTRONIC,MODIFIER,,,,,,"2R:48,714,502 C>T"
3168,2R,48714507,A,T,,True,True,True,0.0,0.0,0.0,0.0,0.0,0.0,0.0,0.0,0.0,0.0,0.0,0.0,0.0,0.0,0.0,0.0,0.0,0.0,0.013888888888888888,0.0,0.0,0.0,0.0,0.0,0.0,0.0,0.013888888888888888,AGAP004050-RA,INTRONIC,MODIFIER,,,,,,"2R:48,714,507 A>T"
3169,2R,48714512,C,A,,True,True,True,0.0,0.0,0.0,0.0,0.0,0.0,0.005681818181818182,0.0,0.0,0.0,0.0,0.0,0.0,0.0,0.0,0.0,0.0,0.0,0.0,0.0,0.0,0.0,0.0,0.0,0.0,0.0,0.005681818181818182,AGAP004050-RA,INTRONIC,MODIFIER,,,,,,"2R:48,714,512 C>A"
3170,2R,48714512,C,T,,True,True,True,0.0,0.0,0.0,0.0,0.0,0.0,0.0,0.0,0.0,0.0,0.0125,0.0,0.0,0.0,0.0,0.0,0.0,0.0,0.0,0.0,0.0,0.0,0.0,0.0,0.0,0.0,0.0125,AGAP004050-RA,INTRONIC,MODIFIER,,,,,,"2R:48,714,512 C>T"
3171,2R,48714513,C,A,,True,True,True,0.0,0.0,0.0,0.0,0.0,0.0,0.0,0.0,0.0,0.0,0.0,0.0,0.0,0.0,0.0,0.0,0.0,0.0,0.013888888888888888,0.0,0.0,0.0,0.0,0.0,0.0,0.0,0.013888888888888888,AGAP004050-RA,INTRONIC,MODIFIER,,,,,,"2R:48,714,513 C>A"
3172,2R,48714527,A,G,,True,True,True,0.0,0.0,0.0,0.0,0.0,0.010638297872340425,0.0,0.0,0.0,0.0,0.0,0.0,0.0,0.0,0.0,0.0,0.0,0.0,0.0,0.0,0.0,0.0,0.0,0.0,0.0,0.0,0.010638297872340425,AGAP004050-RA,INTRONIC,MODIFIER,,,,,,"2R:48,714,527 A>G"
3173,2R,48714538,C,A,,True,True,True,0.0,0.0,0.0,0.0,0.0,0.010638297872340425,0.0,0.0,0.0,0.0,0.0,0.005434782608695652,0.0,0.0,0.0,0.0,0.0,0.0,0.0,0.0,0.0,0.0,0.0,0.0,0.0,0.0,0.010638297872340425,AGAP004050-RA,INTRONIC,MODIFIER,,,,,,"2R:48,714,538 C>A"
3174,2R,48714538,C,T,,True,True,True,0.0,0.0,0.0,0.0,0.0,0.010638297872340425,0.0,0.0,0.005747126436781609,0.0,0.0,0.0,0.0,0.0,0.0,0.0,0.0,0.0,0.0,0.0,0.0,0.023809523809523808,0.0,0.0,0.0,0.0,0.023809523809523808,AGAP004050-RA,INTRONIC,MODIFIER,,,,,,"2R:48,714,538 C>T"
3175,2R,48714541,T,A,,True,True,True,0.0,0.0,0.0,0.0,0.0,0.0,0.005681818181818182,0.0,0.0,0.0,0.0,0.0,0.0,0.0,0.0,0.0,0.0,0.0,0.0,0.0,0.0,0.0,0.0,0.0,0.0,0.0,0.005681818181818182,AGAP004050-RA,INTRONIC,MODIFIER,,,,,,"2R:48,714,541 T>A"
3176,2R,48714542,G,T,,True,True,True,0.0,0.0,0.0,0.0,0.0,0.0,0.0,0.0,0.0,0.0,0.0,0.0,0.0,0.0,0.0,0.0,0.0,0.0,0.0,0.0,0.0,0.011904761904761904,0.0,0.0,0.0,0.0,0.011904761904761904,AGAP004050-RA,INTRONIC,MODIFIER,,,,,,"2R:48,714,542 G>T"
3177,2R,48714545,G,A,,True,True,True,0.0,0.0,0.0,0.0,0.0,0.0,0.005681818181818182,0.0,0.0,0.0,0.0,0.0,0.0,0.0,0.0,0.0,0.0,0.0,0.0,0.0,0.0,0.0,0.0,0.0,0.0,0.0,0.005681818181818182,AGAP004050-RA,INTRONIC,MODIFIER,,,,,,"2R:48,714,545 G>A"
3178,2R,48714546,C,T,,True,True,True,0.0,0.0,0.0,0.0,0.0,0.0,0.0,0.0,0.0,0.0,0.0125,0.0,0.0,0.0,0.0,0.0,0.0,0.0,0.0,0.0,0.0,0.0,0.0,0.0,0.0,0.0,0.0125,AGAP004050-RA,INTRONIC,MODIFIER,,,,,,"2R:48,714,546 C>T"
3179,2R,48714566,C,T,,True,True,True,0.0,0.0,0.0,0.0,0.0,0.0,0.0,0.0,0.0,0.0,0.0,0.0,0.0,0.0,0.0,0.0,0.0,0.0,0.0,0.017241379310344827,0.0,0.0,0.0,0.0,0.0,0.0,0.017241379310344827,AGAP004050-RA,INTRONIC,MODIFIER,,,,,,"2R:48,714,566 C>T"
3180,2R,48714572,G,A,,True,True,True,0.0,0.0,0.0,0.0,0.0,0.0,0.0,0.0,0.0,0.0,0.0,0.0,0.0,0.0,0.0,0.010416666666666666,0.0,0.0,0.0,0.0,0.0,0.0,0.0,0.0,0.0,0.0,0.010416666666666666,AGAP004050-RA,INTRONIC,MODIFIER,,,,,,"2R:48,714,572 G>A"
3181,2R,48714581,G,A,,True,True,True,0.0,0.0,0.0,0.0,0.0,0.0,0.011363636363636364,0.0,0.0,0.0,0.0,0.0,0.0,0.0,0.0,0.0,0.0,0.0,0.0,0.0,0.0,0.0,0.0,0.0,0.0,0.0,0.011363636363636364,AGAP004050-RA,INTRONIC,MODIFIER,,,,,,"2R:48,714,581 G>A"
3182,2R,48714589,C,A,,True,True,True,0.0,0.0,0.0,0.0,0.0,0.0,0.0,0.0,0.0,0.0,0.0,0.0,0.0,0.009433962264150943,0.0,0.0,0.0,0.0,0.0,0.0,0.0,0.0,0.0,0.0,0.0,0.0,0.009433962264150943,AGAP004050-RA,INTRONIC,MODIFIER,,,,,,"2R:48,714,589 C>A"
3183,2R,48714617,C,T,,True,True,True,0.0,0.0,0.0,0.0,0.0,0.0,0.0,0.0,0.0,0.0,0.0,0.0,0.0,0.0,0.0,0.0,0.0,0.0,0.0,0.0,0.0,0.0,0.022727272727272728,0.0,0.0,0.0,0.022727272727272728,AGAP004050-RA,INTRONIC,MODIFIER,,,,,,"2R:48,714,617 C>T"
3184,2R,48714641,C,A,,True,True,True,0.0,0.0,0.0,0.0,0.0,0.0,0.005681818181818182,0.0,0.0,0.0,0.0,0.0,0.0,0.0,0.0,0.0,0.0,0.0,0.0,0.0,0.0,0.0,0.0,0.0,0.0,0.0,0.005681818181818182,AGAP004050-RA,INTRONIC,MODIFIER,,,,,,"2R:48,714,641 C>A"
3185,2R,48714652,T,C,,True,True,True,0.0,0.0,0.0,0.0,0.0,0.0,0.0,0.0,0.0,0.0,0.0,0.0,0.0,0.0,0.0,0.0,0.0,0.0,0.0,0.0,0.0,0.0,0.0,0.0,0.017857142857142856,0.0,0.017857142857142856,AGAP004050-RA,INTRONIC,MODIFIER,,,,,,"2R:48,714,652 T>C"
3186,2R,48714671,G,T,,True,True,True,0.0,0.0,0.01,0.0,0.0,0.010638297872340425,0.0,0.0,0.005747126436781609,0.009259259259259259,0.0,0.0,0.0,0.0,0.0,0.010416666666666666,0.0,0.0,0.0,0.017241379310344827,0.0,0.0,0.0,0.0,0.0,0.0,0.017241379310344827,AGAP004050-RA,INTRONIC,MODIFIER,,,,,,"2R:48,714,671 G>T"
3187,2R,48714672,A,G,,True,True,True,0.0,0.0,0.0,0.0,0.0,0.0,0.0,0.0,0.0,0.0,0.0,0.0,0.0,0.0,0.0,0.0,0.0,0.0,0.0,0.0,0.0,0.0,0.0,0.017241379310344827,0.0,0.0,0.017241379310344827,AGAP004050-RA,INTRONIC,MODIFIER,,,,,,"2R:48,714,672 A>G"
3188,2R,48714676,G,A,,True,True,True,0.0,0.0,0.0,0.0,0.0,0.0,0.0,0.0,0.0,0.0,0.0,0.0,0.038461538461538464,0.0,0.0,0.0,0.0,0.0,0.0,0.0,0.0,0.0,0.0,0.0,0.0,0.0,0.038461538461538464,AGAP004050-RA,INTRONIC,MODIFIER,,,,,,"2R:48,714,676 G>A"
3189,2R,48714685,T,A,,True,True,True,0.0,0.0,0.0,0.0,0.0,0.0,0.0,0.0,0.0,0.0,0.0,0.0,0.0,0.0,0.0,0.0,0.013157894736842105,0.0,0.0,0.0,0.0,0.0,0.0,0.0,0.0,0.0,0.013157894736842105,AGAP004050-RA,INTRONIC,MODIFIER,,,,,,"2R:48,714,685 T>A"
3190,2R,48714685,T,G,,True,True,True,0.0,0.0,0.0,0.0,0.0,0.0,0.0,0.0,0.0,0.018518518518518517,0.0,0.0,0.0,0.0,0.0,0.0,0.0,0.0,0.0,0.0,0.0,0.0,0.0,0.0,0.0,0.0,0.018518518518518517,AGAP004050-RA,INTRONIC,MODIFIER,,,,,,"2R:48,714,685 T>G"
3191,2R,48714692,C,G,,True,True,True,0.011235955056179775,0.0,0.0,0.046875,0.0,0.0,0.0,0.02631578947368421,0.0,0.0,0.025,0.0,0.038461538461538464,0.02830188679245283,0.0,0.0,0.013157894736842105,0.0,0.027777777777777776,0.0,0.020833333333333332,0.0,0.022727272727272728,0.0,0.017857142857142856,0.0,0.046875,AGAP004050-RA,INTRONIC,MODIFIER,,,,,,"2R:48,714,692 C>G"
3192,2R,48714696,G,A,,True,True,True,0.0,0.0,0.0,0.0,0.0,0.0,0.011363636363636364,0.0,0.0,0.0,0.0,0.0,0.0,0.0,0.0,0.0,0.0,0.0,0.0,0.0,0.0,0.0,0.0,0.0,0.0,0.0,0.011363636363636364,AGAP004050-RA,INTRONIC,MODIFIER,,,,,,"2R:48,714,696 G>A"
3193,2R,48714698,T,A,,True,True,True,0.0,0.0,0.0,0.015625,0.0,0.0,0.0,0.0,0.0,0.0,0.0,0.0,0.0,0.0,0.0,0.0,0.0,0.0,0.0,0.0,0.0,0.0,0.0,0.0,0.017857142857142856,0.0,0.017857142857142856,AGAP004050-RA,INTRONIC,MODIFIER,,,,,,"2R:48,714,698 T>A"
3194,2R,48714699,G,T,,True,True,True,0.0,0.0,0.0,0.0,0.0,0.0,0.0,0.0,0.0,0.0,0.0,0.0,0.0,0.0,0.0,0.0,0.0,0.0,0.0,0.0,0.010416666666666666,0.0,0.0,0.0,0.0,0.0,0.010416666666666666,AGAP004050-RA,INTRONIC,MODIFIER,,,,,,"2R:48,714,699 G>T"
3195,2R,48714700,C,T,,True,True,True,0.0056179775280898875,0.01020408163265306,0.0,0.0,0.0,0.0,0.03409090909090909,0.0,0.0,0.0,0.0,0.0,0.0,0.0,0.03571428571428571,0.0,0.02631578947368421,0.0,0.0,0.0,0.0,0.0,0.0,0.0,0.017857142857142856,0.0,0.03571428571428571,AGAP004050-RA,INTRONIC,MODIFIER,,,,,,"2R:48,714,700 C>T"
3196,2R,48714701,T,A,,True,True,True,0.0,0.02040816326530612,0.0,0.0,0.0,0.0,0.0,0.0,0.0,0.0,0.0,0.0,0.038461538461538464,0.0,0.0,0.0,0.0,0.0,0.0,0.0,0.0,0.0,0.0,0.0,0.0,0.0,0.038461538461538464,AGAP004050-RA,INTRONIC,MODIFIER,,,,,,"2R:48,714,701 T>A"
3197,2R,48714703,G,T,,True,True,True,0.0,0.0,0.0,0.0,0.0,0.0,0.005681818181818182,0.0,0.0,0.0,0.0,0.0,0.0,0.0,0.0,0.0,0.0,0.0,0.0,0.0,0.0,0.0,0.0,0.0,0.0,0.0,0.005681818181818182,AGAP004050-RA,INTRONIC,MODIFIER,,,,,,"2R:48,714,703 G>T"
3198,2R,48714704,C,A,,True,True,True,0.0,0.0,0.0,0.0,0.0,0.0,0.005681818181818182,0.0,0.0,0.0,0.0,0.0,0.0,0.0,0.0,0.0,0.0,0.0,0.0,0.0,0.0,0.0,0.0,0.0,0.0,0.0,0.005681818181818182,AGAP004050-RA,INTRONIC,MODIFIER,,,,,,"2R:48,714,704 C>A"
3199,2R,48714707,A,G,,True,True,True,0.0,0.0,0.0,0.0,0.0,0.0,0.03409090909090909,0.0,0.0,0.0,0.0,0.0,0.0,0.0,0.03571428571428571,0.0,0.0,0.0,0.0,0.0,0.0,0.0,0.0,0.0,0.0,0.0,0.03571428571428571,AGAP004050-RA,INTRONIC,MODIFIER,,,,,,"2R:48,714,707 A>G"
3200,2R,48714708,C,T,,True,True,True,0.0,0.0,0.0,0.0,0.0,0.0,0.005681818181818182,0.0,0.0,0.0,0.0,0.0,0.038461538461538464,0.0,0.0,0.0,0.0,0.0,0.0,0.0,0.0,0.0,0.0,0.0,0.0,0.0,0.038461538461538464,AGAP004050-RA,INTRONIC,MODIFIER,,,,,,"2R:48,714,708 C>T"
3201,2R,48714714,T,A,,True,True,True,0.0,0.0,0.01,0.0,0.0,0.0,0.0,0.0,0.005747126436781609,0.0,0.0,0.0,0.0,0.0,0.0,0.0,0.0,0.01,0.0,0.0,0.0,0.0,0.0,0.0,0.0,0.0,0.01,AGAP004050-RA,INTRONIC,MODIFIER,,,,,,"2R:48,714,714 T>A"
3202,2R,48714715,C,A,,True,True,True,0.0,0.01020408163265306,0.0,0.0,0.0,0.0,0.0,0.0,0.0,0.0,0.0,0.0,0.0,0.0,0.0,0.0,0.0,0.0,0.0,0.0,0.0,0.0,0.0,0.0,0.0,0.0,0.01020408163265306,AGAP004050-RA,INTRONIC,MODIFIER,,,,,,"2R:48,714,715 C>A"
